{"cameraMode":{"drawMode":0,"name":"Shaded","section":"Shading Mode"},"sceneLighting":false,"audioPlay":false,"sceneViewState":{"m_AlwaysRefresh":false,"showFog":true,"showSkybox":false,"showFlares":true,"showImageEffects":true,"showParticleSystems":true,"showVisualEffectGraphs":true,"m_FxEnabled":true},"in2DMode":false,"pivot":{"x":0.08517181873321533,"y":0.06445252895355225,"z":-0.2590656280517578},"rotation":{"x":0.30171534419059756,"y":-0.6975423097610474,"z":0.44896024465560915,"w":0.47067955136299136},"size":2.8381481170654299,"orthographic":false}