{"cameraMode":{"drawMode":0,"name":"Shaded","section":"Shading Mode"},"sceneLighting":false,"audioPlay":false,"sceneViewState":{"m_AlwaysRefresh":false,"showFog":true,"showSkybox":false,"showFlares":true,"showImageEffects":true,"showParticleSystems":true,"showVisualEffectGraphs":true,"m_FxEnabled":true},"in2DMode":false,"pivot":{"x":-6.958956718444824,"y":0.6977060437202454,"z":-1.534110426902771},"rotation":{"x":0.16543711721897126,"y":-0.25527623295783999,"z":0.045266278088092807,"w":0.9519033432006836},"size":5.6784257888793949,"orthographic":false}